published,folder,title,client,summary,headline,tags,note,situation,task,action,cover_alt,result1_figure,result1_text,result2_figure,result2_text,result3_figure,result3_text,result4_figure,result4_text
yes,ses-internal-communications,Internal communications for a satellite operator,SES,"Campaigns, events and an in-house video studio that made space engineering and sustainability land with a general staff audience.",Event attendance up from 180 to 350 on average,Internal comms; Video production; Events; Analytics,"Internal work, so samples can't be shared. Happy to talk it through.","SES, a global satellite operator based in Luxembourg, needed internal communications that could make complex space engineering and sustainability topics engaging for staff well outside those teams.","Own internal campaigns and events, lift attendance and engagement, and bring production in-house.","Planned and delivered a dedicated audiovisual studio, working behind and in front of the camera.
Built reporting dashboards and used the engagement data to shape each new campaign.
Coordinated Brand, Product, Legal and IT on satellite programme and ESG campaigns.
Managed the programme budget, a platform migration and the content SOPs.",,~2×,"average event attendance, from 180 to 350",+30%,multi-channel engagement,€150k,programme budget managed,3,"internal awards: Courageous Innovator, LCA Delivery Spot Award, Cloud Collaboration Spot Award"
yes,2-wheels-4-purpose,2 Wheels 4 Purpose,Breast cancer research fundraiser,"All digital for a 7,000 km cycle across Europe: website, SEO, social, and a custom CRM for riders, ambassadors and sponsors.",Over €400k raised on a zero marketing budget,Campaign strategy; Web; SEO; CRM; Copywriting,,"A team of riders set out to cycle 7,000 km across Europe for breast cancer research. There was no marketing budget, so that every euro raised could go to the cause.","Lead all digital: messaging, the website and SEO, organic growth, and the systems to manage riders, ambassadors and sponsors.","Defined the core messaging and voice for individual donors and for corporate sponsors.
Designed and built the website with localised SEO for each country on the route.
Grew reach through organic social and partner channels.
Built a custom CRM in OutSystems connecting Webflow, Koalect and every.org, with automated receipts, welcome series and live goal tracking.
Gave sponsors a private portal showing real-time reach and audience for assets carrying their logo.",,€400k+,raised in donations,#1,"in 90% of key localised searches, and top five for every key term in every country the campaign ran in","8,000+",organic pageviews in six months,€0,spent on media; digital delivered pro bono
yes,hoffmann-institute-website,Hoffmann Institute website,INSEAD,"A website for INSEAD's new sustainability institute, tagging and aggregating content against the UN SDGs.","~80% cheaper than agency bids, live in a month",Strategy; UX / UI; Web development; Project management,,"INSEAD's new Hoffmann Global Institute needed a site that could tag and aggregate content against the UN Sustainable Development Goals. Two agency proposals were over budget and timeline, and relied on offshore development that the communications and IT teams didn't want to inherit.","Brought in two weeks before the tender deadline, I had to find a route that satisfied the institute, communications and IT, within budget and without adding complexity to INSEAD's digital estate.","Proposed an in-house, three-sprint plan: information architecture, design and build in Webflow, then migration to Drupal 8.
Built the design system, templates, widgets and CMS collections, and ran all client iteration before migration to avoid costly developer changes.
Designed automated workflows so a written post could become on-brand visuals, scheduled content and social posts, with editorial sign-off and an audit trail.
Migrated with INSEAD's developer team in Singapore, turning Webflow components into reusable Drupal modules.",,~80%,"lower cost than the two agency proposals, with design and development brought in-house",1 month,to a working first version the institute's team could populate,100%,on all four Google Lighthouse categories after the Drupal migration,,
yes,hoffmann-institute-communications,Hoffmann Institute communications plan,INSEAD,"Events, campaigns and content for INSEAD's sustainability institute, from Davos to the Grand Palais.","Web traffic up 70%, content reach up 45%",Communications strategy; Events; Content; Social; Email,,"INSEAD's new Hoffmann Global Institute for Business and Society had to establish itself as a credible voice on business and sustainability, while the school's 17 research centres also needed campaign and event support.","Build and run a multi-channel communications plan covering flagship events, campaigns and editorial.","Davos, alongside the World Economic Forum: content calendars, email campaigns, asset templates, live social and web content, all built to be reused for later events.
Business and Society Forum on Health at ChangeNOW, Grand Palais: email campaign, copy, live social coverage and on-site photography, with speakers including Paul Polman and André Hoffmann.
SDG Week on campus: event communications to get students engaging with the SDGs.
#SDGSMART: a campaign mapping INSEAD research to the SDGs to position it as the school for sustainable business.
Directed content and SEO for executive interviews and editorial features.",,+70%,web traffic,+45%,content reach,17,"research centres supported with campaigns, content and event promotion",,
yes,insead-sustainability-reporting,Sustainability and annual reporting,INSEAD,"Writing, editing and producing INSEAD's GRI-aligned sustainability report and the Hoffmann Institute's first annual report.",GRI-aligned report across three academic years,Editorial; Copywriting; Sustainability reporting; GRI,,"INSEAD's new institute took over the school's sustainability reporting, which had to meet Global Reporting Initiative standards. The institute also needed to show what it had achieved in its first year.","Write, edit and produce both reports, and plan how the annual report would reach stakeholders.","Wrote, edited, formatted and produced the sustainability report, handling industry language and GRI cross-referencing.
Edited and published the institute's first annual report with its management team and the Director of Institutional Communications.
Planned the release: messaging, stakeholder distribution and supporting assets.",,3,academic years covered in one GRI-aligned sustainability report,1st,"annual report for the institute, released with its own communications plan",,,,
yes,geolinks,GeoLinks website and illustrations,GeoLinks,"Website, CMS and a set of illustrations explaining the services of a young geoscience firm.",First version live in two weeks,Web design; Development; Illustration; SEO,,"GeoLinks, a geoscience data and consulting firm less than a year old, needed a website that could grow with the business and explain highly technical services simply.","Win the brief against established agencies, then design, build and launch the site and a visual language for its services.","Ran a design sprint to a working first version, then adapted a flexible CMS with templates and custom widgets the client could manage himself.
Handled hosting, DNS, SEO metadata and monitoring, with cookie-less analytics so no consent banner was needed.
Created five illustrations, four for individual services such as ambient noise surface wave tomography and one for the firm as a whole, with variants for web and print.",,2 weeks,to a working first version,91 / 94 / 100,"Google Lighthouse scores for performance, accessibility and SEO at launch",,Chosen over established agencies despite a higher quote,,
yes,research-communications-automation,Research communications automation,INSEAD,A redesigned research newsletter and a prototype portal that generates on-brand assets straight from research data.,"Newsletters and assets built from data, not by hand",Email; Headless CMS; APIs; UX / UI,Parts of this project are confidential.,INSEAD's research newsletters and communication assets were built manually from scattered databases.,"Redesign the Research Quarterly and move asset creation towards an automated, data-driven process.","Redesigned the newsletter's visuals and code for consistent rendering and a low data footprint.
Used a headless CMS with custom extensions to template research data into email-ready HTML and branded assets through an API.
Designed a research portal prototype with project tracking, SDG tagging and automatic asset generation.",,,Lighter emails: CSS-rendered text and backgrounds instead of heavy images,,"Asset variants and formats generated from one source, usable in tools like Zapier, Make and Power Automate",,,,
yes,live-event-av-production,Live concert production,Emergenza France,"Multi-camera, multi-track recordings of emerging artists across Paris venues, several nights a week.",Fully produced concert within 24 hours,Video; Audio; Post-production; Events,,"Emergenza runs live showcases for emerging artists across Paris, from small rooms to stages like the Bataclan, and needed every set captured well.","Run audiovisual production solo, several nights a week, across every genre from classical to rap.","Shot on three cameras with a 16-track recorder, a four-track master and an ambient recorder, adapting angles to each band.
Automated file management and editing macros to speed up post-production.
Introduced tailored post-production packages for the artists themselves.",,24h,"average turnaround for a fully produced, 30-minute concert",+45%,post-production package sales,,,,
yes,paid-campaigns,Paid campaigns and analytics,European and US clients,"Paid social and search, landing page testing and analytics set-up for freelance clients.",Conversion rates up 30% on average,Google Ads; Meta Ads; LinkedIn Ads; GA4; A/B testing,,"Clients across Europe and the US needed paid campaigns that converted, and reporting they could trust.","Plan, run and optimise campaigns, and set up the tracking to prove what was working.","Built and ran campaigns across Google Ads, Meta and LinkedIn Ads.
Audited landing pages and ran structured A/B tests, including in Marketo.
Set up Google Tag Manager and custom GA4 tracking, cohorts and attribution for monthly spend reports.
Designed campaign assets within each client's brand guidelines.",,+30%,average conversion rate after testing,€100k+,aggregate media budget managed,,,,
yes,public-healthcare-communications,Public healthcare communications,"Regional hospital group, nursing school and university","Posters, public outreach, templates and events for a hospital group merging three sites, plus award-winning research communication.",Best Poster award at a national public health congress,Print design; Change comms; Events; Photography,,"Three hospital sites were merging under one regional group. Local people were using emergency departments for routine care, partly because communications hadn't caught up with the new structure.","Help staff and the public understand the change, and support health education events.","Designed eight A0 posters explaining the merger for a public open day.
Created bookmarks steering people towards specialist consultations instead of A&E.
Standardised internal document templates and designed invitations for the group's first joint celebrations.
Designed posters and photographed events on healthy ageing and sexual health for the nursing school.
Turned a University of Manchester working paper on healthy ageing into a conference poster.",,,"Best Poster award from the Société Française de Santé Publique, chosen from several hundred entries",,Open day posters referenced by the President of the Fédération Hospitalière de France during the event,,,,
yes,insead-campaigns-advancement,Campaigns and advancement,INSEAD,"Giving Day assets and toolkit, a 360° virtual campus tour, and student-led fundraising campaigns.",Virtual tour launched for INSEAD's 60th anniversary,Fundraising; 360° media; Social; Web,,"INSEAD's advancement and digital teams needed fresh ways to engage alumni, donors and prospective students.",Deliver campaign assets and pilot new formats alongside the digital communications team.,"Built a secure WordPress portal so influential alumni could access and share Giving Day assets.
Ran a photo op with board members for the Giving Day campaign.
Proposed and piloted a 360° virtual tour of INSEAD's three campuses.
Created logos, assets and a marketing plan for Run4Change and the Community Impact Challenge.",,,Campus 360° completed and launched during INSEAD's 60th anniversary celebrations,,The Giving Day portal led directly to my later recruitment at INSEAD,,,,
yes,photography-and-web,Event photography and festival web,"Music, fashion and festival clients",Event photography in Paris and two years of websites for a rock festival in Normandy.,Rehired two years running by Rock in the Barn,Photography; Web design; Branding,,"Music and fashion events needed photography with character, and a volunteer-run festival needed a new website each year to match its new theme.","Capture the mood of each night, and turn the festival's illustrated branding into a usable site on no budget.","Photographed a Cindy Levy Paris x Kalash Criminel fashion release and a Pont Neuf Records album launch at the Rex Club, with a grainy analogue feel.
Designed and built Rock in the Barn's site with a medieval theme, scroll-like interactions and pastel tones.",,,Rock in the Barn came back for a second year,,Pont Neuf Records booked me on short notice from my portfolio alone,,,,
